sep=;
time;model_id;model_name;port_name;data
0;1;(0,1);;<7,7,0>
0;2;(0,0);;<3,3,0>
0;3;(1,0);;<4,4,0>
0;4;(1,1);;<0,0,0>
0;1;(0,1);outputNeighborhood;<7,7,0>
0;1;(0,1);;<7,7,3>
0;2;(0,0);outputNeighborhood;<3,3,0>
0;2;(0,0);;<3,3,11>
0;3;(1,0);outputNeighborhood;<4,4,0>
0;3;(1,0);;<4,4,3>
0;4;(1,1);outputNeighborhood;<0,0,0>
0;4;(1,1);;<0,0,11>
1;1;(0,1);outputNeighborhood;<7,7,3>
1;1;(0,1);;<7,0,9>
1;2;(0,0);outputNeighborhood;<3,3,11>
1;2;(0,0);;<3,3,17>
1;3;(1,0);outputNeighborhood;<4,4,3>
1;3;(1,0);;<4,0,10>
1;4;(1,1);outputNeighborhood;<0,0,11>
1;4;(1,1);;<0,0,18>
2;1;(0,1);outputNeighborhood;<7,0,9>
2;1;(0,1);;<7,0,15>
2;2;(0,0);outputNeighborhood;<3,3,17>
2;2;(0,0);;<3,3,23>
2;3;(1,0);outputNeighborhood;<4,0,10>
2;3;(1,0);;<4,0,17>
2;4;(1,1);outputNeighborhood;<0,0,18>
2;4;(1,1);;<0,0,25>
3;1;(0,1);outputNeighborhood;<7,0,15>
3;1;(0,1);;<7,0,21>
3;2;(0,0);outputNeighborhood;<3,3,23>
3;2;(0,0);;<3,3,29>
3;3;(1,0);outputNeighborhood;<4,0,17>
3;3;(1,0);;<4,0,24>
3;4;(1,1);outputNeighborhood;<0,0,25>
3;4;(1,1);;<0,0,32>
4;1;(0,1);outputNeighborhood;<7,0,21>
4;1;(0,1);;<7,0,27>
4;2;(0,0);outputNeighborhood;<3,3,29>
4;2;(0,0);;<3,3,35>
4;3;(1,0);outputNeighborhood;<4,0,24>
4;3;(1,0);;<4,0,31>
4;4;(1,1);outputNeighborhood;<0,0,32>
4;4;(1,1);;<0,0,39>
5;1;(0,1);outputNeighborhood;<7,0,27>
5;1;(0,1);;<7,0,33>
5;2;(0,0);outputNeighborhood;<3,3,35>
5;2;(0,0);;<3,3,41>
5;3;(1,0);outputNeighborhood;<4,0,31>
5;3;(1,0);;<4,0,38>
5;4;(1,1);outputNeighborhood;<0,0,39>
5;4;(1,1);;<0,0,46>
6;1;(0,1);outputNeighborhood;<7,0,33>
6;1;(0,1);;<7,0,39>
6;2;(0,0);outputNeighborhood;<3,3,41>
6;2;(0,0);;<3,3,47>
6;3;(1,0);outputNeighborhood;<4,0,38>
6;3;(1,0);;<4,0,45>
6;4;(1,1);outputNeighborhood;<0,0,46>
6;4;(1,1);;<0,0,53>
7;1;(0,1);outputNeighborhood;<7,0,39>
7;1;(0,1);;<7,0,45>
7;2;(0,0);outputNeighborhood;<3,3,47>
7;2;(0,0);;<3,3,53>
7;3;(1,0);outputNeighborhood;<4,0,45>
7;3;(1,0);;<4,0,52>
7;4;(1,1);outputNeighborhood;<0,0,53>
7;4;(1,1);;<0,0,60>
8;1;(0,1);outputNeighborhood;<7,0,45>
8;1;(0,1);;<7,0,51>
8;2;(0,0);outputNeighborhood;<3,3,53>
8;2;(0,0);;<3,3,59>
8;3;(1,0);outputNeighborhood;<4,0,52>
8;3;(1,0);;<4,0,59>
8;4;(1,1);outputNeighborhood;<0,0,60>
8;4;(1,1);;<0,0,67>
9;1;(0,1);outputNeighborhood;<7,0,51>
9;1;(0,1);;<7,0,57>
9;2;(0,0);outputNeighborhood;<3,3,59>
9;2;(0,0);;<3,3,65>
9;3;(1,0);outputNeighborhood;<4,0,59>
9;3;(1,0);;<4,0,66>
9;4;(1,1);outputNeighborhood;<0,0,67>
9;4;(1,1);;<0,0,74>
10;1;(0,1);outputNeighborhood;<7,0,57>
10;1;(0,1);;<7,0,63>
10;2;(0,0);outputNeighborhood;<3,3,65>
10;2;(0,0);;<3,3,71>
10;3;(1,0);outputNeighborhood;<4,0,66>
10;3;(1,0);;<4,0,73>
10;4;(1,1);outputNeighborhood;<0,0,74>
10;4;(1,1);;<0,0,81>
11;1;(0,1);outputNeighborhood;<7,0,63>
11;1;(0,1);;<7,0,69>
11;2;(0,0);outputNeighborhood;<3,3,71>
11;2;(0,0);;<3,3,77>
11;3;(1,0);outputNeighborhood;<4,0,73>
11;3;(1,0);;<4,0,80>
11;4;(1,1);outputNeighborhood;<0,0,81>
11;4;(1,1);;<0,0,88>
12;1;(0,1);outputNeighborhood;<7,0,69>
12;1;(0,1);;<7,0,75>
12;2;(0,0);outputNeighborhood;<3,3,77>
12;2;(0,0);;<3,3,83>
12;3;(1,0);outputNeighborhood;<4,0,80>
12;3;(1,0);;<4,0,87>
12;4;(1,1);outputNeighborhood;<0,0,88>
12;4;(1,1);;<0,0,95>
13;1;(0,1);outputNeighborhood;<7,0,75>
13;1;(0,1);;<7,0,81>
13;2;(0,0);outputNeighborhood;<3,3,83>
13;2;(0,0);;<3,3,89>
13;3;(1,0);outputNeighborhood;<4,0,87>
13;3;(1,0);;<4,0,94>
13;4;(1,1);outputNeighborhood;<0,0,95>
13;4;(1,1);;<0,0,102>
14;1;(0,1);outputNeighborhood;<7,0,81>
14;1;(0,1);;<7,0,87>
14;2;(0,0);outputNeighborhood;<3,3,89>
14;2;(0,0);;<3,3,95>
14;3;(1,0);outputNeighborhood;<4,0,94>
14;3;(1,0);;<4,0,101>
14;4;(1,1);outputNeighborhood;<0,0,102>
14;4;(1,1);;<0,0,109>
15;1;(0,1);outputNeighborhood;<7,0,87>
15;1;(0,1);;<7,0,93>
15;2;(0,0);outputNeighborhood;<3,3,95>
15;2;(0,0);;<3,3,101>
15;3;(1,0);outputNeighborhood;<4,0,101>
15;3;(1,0);;<4,0,108>
15;4;(1,1);outputNeighborhood;<0,0,109>
15;4;(1,1);;<0,0,116>
16;1;(0,1);outputNeighborhood;<7,0,93>
16;1;(0,1);;<7,0,99>
16;2;(0,0);outputNeighborhood;<3,3,101>
16;2;(0,0);;<3,4,107>
16;3;(1,0);outputNeighborhood;<4,0,108>
16;3;(1,0);;<4,0,115>
16;4;(1,1);outputNeighborhood;<0,0,116>
16;4;(1,1);;<0,0,123>
17;1;(0,1);outputNeighborhood;<7,0,99>
17;1;(0,1);;<7,0,105>
17;2;(0,0);outputNeighborhood;<3,4,107>
17;2;(0,0);;<3,4,113>
17;3;(1,0);outputNeighborhood;<4,0,115>
17;3;(1,0);;<4,0,122>
17;4;(1,1);outputNeighborhood;<0,0,123>
17;4;(1,1);;<0,0,130>
18;1;(0,1);outputNeighborhood;<7,0,105>
18;1;(0,1);;<7,0,111>
18;2;(0,0);outputNeighborhood;<3,4,113>
18;2;(0,0);;<3,4,119>
18;3;(1,0);outputNeighborhood;<4,0,122>
18;3;(1,0);;<4,0,129>
18;4;(1,1);outputNeighborhood;<0,0,130>
18;4;(1,1);;<0,0,137>
19;1;(0,1);outputNeighborhood;<7,0,111>
19;1;(0,1);;<7,0,117>
19;2;(0,0);outputNeighborhood;<3,4,119>
19;2;(0,0);;<3,4,125>
19;3;(1,0);outputNeighborhood;<4,0,129>
19;3;(1,0);;<4,0,136>
19;4;(1,1);outputNeighborhood;<0,0,137>
19;4;(1,1);;<0,0,144>
20;1;(0,1);outputNeighborhood;<7,0,117>
20;1;(0,1);;<7,0,123>
20;2;(0,0);outputNeighborhood;<3,4,125>
20;2;(0,0);;<3,4,131>
20;3;(1,0);outputNeighborhood;<4,0,136>
20;3;(1,0);;<4,0,143>
20;4;(1,1);outputNeighborhood;<0,0,144>
20;4;(1,1);;<0,0,151>
21;1;(0,1);outputNeighborhood;<7,0,123>
21;1;(0,1);;<7,0,129>
21;2;(0,0);outputNeighborhood;<3,4,131>
21;2;(0,0);;<3,4,137>
21;3;(1,0);outputNeighborhood;<4,0,143>
21;3;(1,0);;<4,0,150>
21;4;(1,1);outputNeighborhood;<0,0,151>
21;4;(1,1);;<0,0,158>
22;1;(0,1);outputNeighborhood;<7,0,129>
22;1;(0,1);;<7,0,135>
22;2;(0,0);outputNeighborhood;<3,4,137>
22;2;(0,0);;<3,4,143>
22;3;(1,0);outputNeighborhood;<4,0,150>
22;3;(1,0);;<4,0,157>
22;4;(1,1);outputNeighborhood;<0,0,158>
22;4;(1,1);;<0,0,165>
23;1;(0,1);outputNeighborhood;<7,0,135>
23;1;(0,1);;<7,0,141>
23;2;(0,0);outputNeighborhood;<3,4,143>
23;2;(0,0);;<3,4,149>
23;3;(1,0);outputNeighborhood;<4,0,157>
23;3;(1,0);;<4,0,164>
23;4;(1,1);outputNeighborhood;<0,0,165>
23;4;(1,1);;<0,0,172>
24;1;(0,1);outputNeighborhood;<7,0,141>
24;1;(0,1);;<7,0,147>
24;2;(0,0);outputNeighborhood;<3,4,149>
24;2;(0,0);;<3,4,155>
24;3;(1,0);outputNeighborhood;<4,0,164>
24;3;(1,0);;<4,0,171>
24;4;(1,1);outputNeighborhood;<0,0,172>
24;4;(1,1);;<0,0,179>
25;1;(0,1);outputNeighborhood;<7,0,147>
25;1;(0,1);;<7,0,153>
25;2;(0,0);outputNeighborhood;<3,4,155>
25;2;(0,0);;<3,4,161>
25;3;(1,0);outputNeighborhood;<4,0,171>
25;3;(1,0);;<4,0,178>
25;4;(1,1);outputNeighborhood;<0,0,179>
25;4;(1,1);;<0,0,186>
26;1;(0,1);outputNeighborhood;<7,0,153>
26;1;(0,1);;<7,0,159>
26;2;(0,0);outputNeighborhood;<3,4,161>
26;2;(0,0);;<3,4,167>
26;3;(1,0);outputNeighborhood;<4,0,178>
26;3;(1,0);;<4,0,185>
26;4;(1,1);outputNeighborhood;<0,0,186>
26;4;(1,1);;<0,0,193>
27;1;(0,1);outputNeighborhood;<7,0,159>
27;1;(0,1);;<7,0,165>
27;2;(0,0);outputNeighborhood;<3,4,167>
27;2;(0,0);;<3,4,173>
27;3;(1,0);outputNeighborhood;<4,0,185>
27;3;(1,0);;<4,0,192>
27;4;(1,1);outputNeighborhood;<0,0,193>
27;4;(1,1);;<0,0,200>
28;1;(0,1);outputNeighborhood;<7,0,165>
28;1;(0,1);;<7,0,171>
28;2;(0,0);outputNeighborhood;<3,4,173>
28;2;(0,0);;<3,4,179>
28;3;(1,0);outputNeighborhood;<4,0,192>
28;3;(1,0);;<4,0,199>
28;4;(1,1);outputNeighborhood;<0,0,200>
28;4;(1,1);;<0,0,207>
29;1;(0,1);outputNeighborhood;<7,0,171>
29;1;(0,1);;<7,0,177>
29;2;(0,0);outputNeighborhood;<3,4,179>
29;2;(0,0);;<3,4,185>
29;3;(1,0);outputNeighborhood;<4,0,199>
29;3;(1,0);;<4,0,206>
29;4;(1,1);outputNeighborhood;<0,0,207>
29;4;(1,1);;<0,0,214>
30;1;(0,1);outputNeighborhood;<7,0,177>
30;1;(0,1);;<7,0,183>
30;2;(0,0);outputNeighborhood;<3,4,185>
30;2;(0,0);;<3,4,191>
30;3;(1,0);outputNeighborhood;<4,0,206>
30;3;(1,0);;<4,0,213>
30;4;(1,1);outputNeighborhood;<0,0,214>
30;4;(1,1);;<0,0,221>
31;1;(0,1);outputNeighborhood;<7,0,183>
31;1;(0,1);;<7,0,189>
31;2;(0,0);outputNeighborhood;<3,4,191>
31;2;(0,0);;<3,4,197>
31;3;(1,0);outputNeighborhood;<4,0,213>
31;3;(1,0);;<4,0,220>
31;4;(1,1);outputNeighborhood;<0,0,221>
31;4;(1,1);;<0,0,228>
32;1;(0,1);outputNeighborhood;<7,0,189>
32;1;(0,1);;<7,0,195>
32;2;(0,0);outputNeighborhood;<3,4,197>
32;2;(0,0);;<3,4,203>
32;3;(1,0);outputNeighborhood;<4,0,220>
32;3;(1,0);;<4,0,227>
32;4;(1,1);outputNeighborhood;<0,0,228>
32;4;(1,1);;<0,0,235>
33;1;(0,1);outputNeighborhood;<7,0,195>
33;1;(0,1);;<7,0,201>
33;2;(0,0);outputNeighborhood;<3,4,203>
33;2;(0,0);;<3,4,209>
33;3;(1,0);outputNeighborhood;<4,0,227>
33;3;(1,0);;<4,0,234>
33;4;(1,1);outputNeighborhood;<0,0,235>
33;4;(1,1);;<0,0,242>
34;1;(0,1);outputNeighborhood;<7,0,201>
34;1;(0,1);;<7,0,207>
34;2;(0,0);outputNeighborhood;<3,4,209>
34;2;(0,0);;<3,4,215>
34;3;(1,0);outputNeighborhood;<4,0,234>
34;3;(1,0);;<4,0,241>
34;4;(1,1);outputNeighborhood;<0,0,242>
34;4;(1,1);;<0,0,249>
35;1;(0,1);outputNeighborhood;<7,0,207>
35;1;(0,1);;<7,0,213>
35;2;(0,0);outputNeighborhood;<3,4,215>
35;2;(0,0);;<3,4,221>
35;3;(1,0);outputNeighborhood;<4,0,241>
35;3;(1,0);;<4,0,248>
35;4;(1,1);outputNeighborhood;<0,0,249>
35;4;(1,1);;<0,0,256>
36;1;(0,1);outputNeighborhood;<7,0,213>
36;1;(0,1);;<7,0,219>
36;2;(0,0);outputNeighborhood;<3,4,221>
36;2;(0,0);;<3,4,227>
36;3;(1,0);outputNeighborhood;<4,0,248>
36;3;(1,0);;<4,0,255>
36;4;(1,1);outputNeighborhood;<0,0,256>
36;4;(1,1);;<0,0,263>
37;1;(0,1);outputNeighborhood;<7,0,219>
37;1;(0,1);;<7,0,225>
37;2;(0,0);outputNeighborhood;<3,4,227>
37;2;(0,0);;<3,4,233>
37;3;(1,0);outputNeighborhood;<4,0,255>
37;3;(1,0);;<4,0,262>
37;4;(1,1);outputNeighborhood;<0,0,263>
37;4;(1,1);;<0,0,270>
38;1;(0,1);outputNeighborhood;<7,0,225>
38;1;(0,1);;<7,0,231>
38;2;(0,0);outputNeighborhood;<3,4,233>
38;2;(0,0);;<3,4,239>
38;3;(1,0);outputNeighborhood;<4,0,262>
38;3;(1,0);;<4,0,269>
38;4;(1,1);outputNeighborhood;<0,0,270>
38;4;(1,1);;<0,0,277>
39;1;(0,1);outputNeighborhood;<7,0,231>
39;1;(0,1);;<7,0,237>
39;2;(0,0);outputNeighborhood;<3,4,239>
39;2;(0,0);;<3,4,245>
39;3;(1,0);outputNeighborhood;<4,0,269>
39;3;(1,0);;<4,0,276>
39;4;(1,1);outputNeighborhood;<0,0,277>
39;4;(1,1);;<0,0,284>
40;1;(0,1);outputNeighborhood;<7,0,237>
40;1;(0,1);;<7,0,243>
40;2;(0,0);outputNeighborhood;<3,4,245>
40;2;(0,0);;<3,4,251>
40;3;(1,0);outputNeighborhood;<4,0,276>
40;3;(1,0);;<4,0,283>
40;4;(1,1);outputNeighborhood;<0,0,284>
40;4;(1,1);;<0,0,291>
41;1;(0,1);outputNeighborhood;<7,0,243>
41;1;(0,1);;<7,0,249>
41;2;(0,0);outputNeighborhood;<3,4,251>
41;2;(0,0);;<3,4,257>
41;3;(1,0);outputNeighborhood;<4,0,283>
41;3;(1,0);;<4,0,290>
41;4;(1,1);outputNeighborhood;<0,0,291>
41;4;(1,1);;<0,0,298>
42;1;(0,1);outputNeighborhood;<7,0,249>
42;1;(0,1);;<7,0,255>
42;2;(0,0);outputNeighborhood;<3,4,257>
42;2;(0,0);;<3,4,263>
42;3;(1,0);outputNeighborhood;<4,0,290>
42;3;(1,0);;<4,0,297>
42;4;(1,1);outputNeighborhood;<0,0,298>
42;4;(1,1);;<0,0,305>
43;1;(0,1);outputNeighborhood;<7,0,255>
43;1;(0,1);;<7,0,261>
43;2;(0,0);outputNeighborhood;<3,4,263>
43;2;(0,0);;<3,4,269>
43;3;(1,0);outputNeighborhood;<4,0,297>
43;3;(1,0);;<4,0,304>
43;4;(1,1);outputNeighborhood;<0,0,305>
43;4;(1,1);;<0,0,312>
44;1;(0,1);outputNeighborhood;<7,0,261>
44;1;(0,1);;<7,0,267>
44;2;(0,0);outputNeighborhood;<3,4,269>
44;2;(0,0);;<3,4,275>
44;3;(1,0);outputNeighborhood;<4,0,304>
44;3;(1,0);;<4,0,311>
44;4;(1,1);outputNeighborhood;<0,0,312>
44;4;(1,1);;<0,0,319>
45;1;(0,1);outputNeighborhood;<7,0,267>
45;1;(0,1);;<7,0,273>
45;2;(0,0);outputNeighborhood;<3,4,275>
45;2;(0,0);;<3,4,281>
45;3;(1,0);outputNeighborhood;<4,0,311>
45;3;(1,0);;<4,0,318>
45;4;(1,1);outputNeighborhood;<0,0,319>
45;4;(1,1);;<0,0,326>
46;1;(0,1);outputNeighborhood;<7,0,273>
46;1;(0,1);;<7,0,279>
46;2;(0,0);outputNeighborhood;<3,4,281>
46;2;(0,0);;<3,4,287>
46;3;(1,0);outputNeighborhood;<4,0,318>
46;3;(1,0);;<4,0,325>
46;4;(1,1);outputNeighborhood;<0,0,326>
46;4;(1,1);;<0,0,333>
47;1;(0,1);outputNeighborhood;<7,0,279>
47;1;(0,1);;<7,0,285>
47;2;(0,0);outputNeighborhood;<3,4,287>
47;2;(0,0);;<3,4,293>
47;3;(1,0);outputNeighborhood;<4,0,325>
47;3;(1,0);;<4,0,332>
47;4;(1,1);outputNeighborhood;<0,0,333>
47;4;(1,1);;<0,0,340>
48;1;(0,1);outputNeighborhood;<7,0,285>
48;1;(0,1);;<7,0,291>
48;2;(0,0);outputNeighborhood;<3,4,293>
48;2;(0,0);;<3,4,299>
48;3;(1,0);outputNeighborhood;<4,0,332>
48;3;(1,0);;<4,0,339>
48;4;(1,1);outputNeighborhood;<0,0,340>
48;4;(1,1);;<0,0,347>
49;1;(0,1);outputNeighborhood;<7,0,291>
49;1;(0,1);;<7,0,297>
49;2;(0,0);outputNeighborhood;<3,4,299>
49;2;(0,0);;<3,4,305>
49;3;(1,0);outputNeighborhood;<4,0,339>
49;3;(1,0);;<4,0,346>
49;4;(1,1);outputNeighborhood;<0,0,347>
49;4;(1,1);;<0,0,354>
50;1;(0,1);outputNeighborhood;<7,0,297>
50;1;(0,1);;<7,0,303>
50;2;(0,0);outputNeighborhood;<3,4,305>
50;2;(0,0);;<3,4,311>
50;3;(1,0);outputNeighborhood;<4,0,346>
50;3;(1,0);;<4,0,353>
50;4;(1,1);outputNeighborhood;<0,0,354>
50;4;(1,1);;<0,0,361>
51;1;(0,1);outputNeighborhood;<7,0,303>
51;1;(0,1);;<7,0,309>
51;2;(0,0);outputNeighborhood;<3,4,311>
51;2;(0,0);;<3,4,317>
51;3;(1,0);outputNeighborhood;<4,0,353>
51;3;(1,0);;<4,0,360>
51;4;(1,1);outputNeighborhood;<0,0,361>
51;4;(1,1);;<0,0,368>
52;1;(0,1);outputNeighborhood;<7,0,309>
52;1;(0,1);;<7,0,315>
52;2;(0,0);outputNeighborhood;<3,4,317>
52;2;(0,0);;<3,4,323>
52;3;(1,0);outputNeighborhood;<4,0,360>
52;3;(1,0);;<4,0,367>
52;4;(1,1);outputNeighborhood;<0,0,368>
52;4;(1,1);;<0,0,375>
53;1;(0,1);outputNeighborhood;<7,0,315>
53;1;(0,1);;<7,0,321>
53;2;(0,0);outputNeighborhood;<3,4,323>
53;2;(0,0);;<3,4,329>
53;3;(1,0);outputNeighborhood;<4,0,367>
53;3;(1,0);;<4,0,374>
53;4;(1,1);outputNeighborhood;<0,0,375>
53;4;(1,1);;<0,0,382>
54;1;(0,1);outputNeighborhood;<7,0,321>
54;1;(0,1);;<7,0,327>
54;2;(0,0);outputNeighborhood;<3,4,329>
54;2;(0,0);;<3,4,335>
54;3;(1,0);outputNeighborhood;<4,0,374>
54;3;(1,0);;<4,0,381>
54;4;(1,1);outputNeighborhood;<0,0,382>
54;4;(1,1);;<0,0,389>
55;1;(0,1);outputNeighborhood;<7,0,327>
55;1;(0,1);;<7,0,333>
55;2;(0,0);outputNeighborhood;<3,4,335>
55;2;(0,0);;<3,4,341>
55;3;(1,0);outputNeighborhood;<4,0,381>
55;3;(1,0);;<4,0,388>
55;4;(1,1);outputNeighborhood;<0,0,389>
55;4;(1,1);;<0,0,396>
56;1;(0,1);outputNeighborhood;<7,0,333>
56;1;(0,1);;<7,0,339>
56;2;(0,0);outputNeighborhood;<3,4,341>
56;2;(0,0);;<3,4,347>
56;3;(1,0);outputNeighborhood;<4,0,388>
56;3;(1,0);;<4,0,395>
56;4;(1,1);outputNeighborhood;<0,0,396>
56;4;(1,1);;<0,0,403>
57;1;(0,1);outputNeighborhood;<7,0,339>
57;1;(0,1);;<7,0,345>
57;2;(0,0);outputNeighborhood;<3,4,347>
57;2;(0,0);;<3,4,353>
57;3;(1,0);outputNeighborhood;<4,0,395>
57;3;(1,0);;<4,0,402>
57;4;(1,1);outputNeighborhood;<0,0,403>
57;4;(1,1);;<0,0,410>
58;1;(0,1);outputNeighborhood;<7,0,345>
58;1;(0,1);;<7,0,351>
58;2;(0,0);outputNeighborhood;<3,4,353>
58;2;(0,0);;<3,4,359>
58;3;(1,0);outputNeighborhood;<4,0,402>
58;3;(1,0);;<4,0,409>
58;4;(1,1);outputNeighborhood;<0,0,410>
58;4;(1,1);;<0,0,417>
59;1;(0,1);outputNeighborhood;<7,0,351>
59;1;(0,1);;<7,0,357>
59;2;(0,0);outputNeighborhood;<3,4,359>
59;2;(0,0);;<3,4,365>
59;3;(1,0);outputNeighborhood;<4,0,409>
59;3;(1,0);;<4,0,416>
59;4;(1,1);outputNeighborhood;<0,0,417>
59;4;(1,1);;<0,0,424>
60;1;(0,1);outputNeighborhood;<7,0,357>
60;1;(0,1);;<7,0,363>
60;2;(0,0);outputNeighborhood;<3,4,365>
60;2;(0,0);;<3,4,371>
60;3;(1,0);outputNeighborhood;<4,0,416>
60;3;(1,0);;<4,0,423>
60;4;(1,1);outputNeighborhood;<0,0,424>
60;4;(1,1);;<0,0,431>
61;1;(0,1);outputNeighborhood;<7,0,363>
61;1;(0,1);;<7,0,369>
61;2;(0,0);outputNeighborhood;<3,4,371>
61;2;(0,0);;<3,4,377>
61;3;(1,0);outputNeighborhood;<4,0,423>
61;3;(1,0);;<4,0,430>
61;4;(1,1);outputNeighborhood;<0,0,431>
61;4;(1,1);;<0,0,438>
62;1;(0,1);outputNeighborhood;<7,0,369>
62;1;(0,1);;<7,0,375>
62;2;(0,0);outputNeighborhood;<3,4,377>
62;2;(0,0);;<3,4,383>
62;3;(1,0);outputNeighborhood;<4,0,430>
62;3;(1,0);;<4,0,437>
62;4;(1,1);outputNeighborhood;<0,0,438>
62;4;(1,1);;<0,0,445>
63;1;(0,1);outputNeighborhood;<7,0,375>
63;1;(0,1);;<7,0,381>
63;2;(0,0);outputNeighborhood;<3,4,383>
63;2;(0,0);;<3,4,389>
63;3;(1,0);outputNeighborhood;<4,0,437>
63;3;(1,0);;<4,0,444>
63;4;(1,1);outputNeighborhood;<0,0,445>
63;4;(1,1);;<0,0,452>
64;1;(0,1);outputNeighborhood;<7,0,381>
64;1;(0,1);;<7,0,387>
64;2;(0,0);outputNeighborhood;<3,4,389>
64;2;(0,0);;<3,4,395>
64;3;(1,0);outputNeighborhood;<4,0,444>
64;3;(1,0);;<4,0,451>
64;4;(1,1);outputNeighborhood;<0,0,452>
64;4;(1,1);;<0,0,459>
65;1;(0,1);outputNeighborhood;<7,0,387>
65;1;(0,1);;<7,0,393>
65;2;(0,0);outputNeighborhood;<3,4,395>
65;2;(0,0);;<3,4,401>
65;3;(1,0);outputNeighborhood;<4,0,451>
65;3;(1,0);;<4,0,458>
65;4;(1,1);outputNeighborhood;<0,0,459>
65;4;(1,1);;<0,0,466>
66;1;(0,1);outputNeighborhood;<7,0,393>
66;1;(0,1);;<7,0,399>
66;2;(0,0);outputNeighborhood;<3,4,401>
66;2;(0,0);;<3,4,407>
66;3;(1,0);outputNeighborhood;<4,0,458>
66;3;(1,0);;<4,0,465>
66;4;(1,1);outputNeighborhood;<0,0,466>
66;4;(1,1);;<0,0,473>
67;1;(0,1);outputNeighborhood;<7,0,399>
67;1;(0,1);;<7,0,405>
67;2;(0,0);outputNeighborhood;<3,4,407>
67;2;(0,0);;<3,4,413>
67;3;(1,0);outputNeighborhood;<4,0,465>
67;3;(1,0);;<4,0,472>
67;4;(1,1);outputNeighborhood;<0,0,473>
67;4;(1,1);;<0,0,480>
68;1;(0,1);outputNeighborhood;<7,0,405>
68;1;(0,1);;<7,0,411>
68;2;(0,0);outputNeighborhood;<3,4,413>
68;2;(0,0);;<3,4,419>
68;3;(1,0);outputNeighborhood;<4,0,472>
68;3;(1,0);;<4,0,479>
68;4;(1,1);outputNeighborhood;<0,0,480>
68;4;(1,1);;<0,0,487>
69;1;(0,1);outputNeighborhood;<7,0,411>
69;1;(0,1);;<7,0,417>
69;2;(0,0);outputNeighborhood;<3,4,419>
69;2;(0,0);;<3,4,425>
69;3;(1,0);outputNeighborhood;<4,0,479>
69;3;(1,0);;<4,0,486>
69;4;(1,1);outputNeighborhood;<0,0,487>
69;4;(1,1);;<0,0,494>
70;1;(0,1);outputNeighborhood;<7,0,417>
70;1;(0,1);;<7,0,423>
70;2;(0,0);outputNeighborhood;<3,4,425>
70;2;(0,0);;<3,4,431>
70;3;(1,0);outputNeighborhood;<4,0,486>
70;3;(1,0);;<4,0,493>
70;4;(1,1);outputNeighborhood;<0,0,494>
70;4;(1,1);;<0,0,501>
71;1;(0,1);outputNeighborhood;<7,0,423>
71;1;(0,1);;<7,0,429>
71;2;(0,0);outputNeighborhood;<3,4,431>
71;2;(0,0);;<3,4,437>
71;3;(1,0);outputNeighborhood;<4,0,493>
71;3;(1,0);;<4,0,500>
71;4;(1,1);outputNeighborhood;<0,0,501>
71;4;(1,1);;<0,0,508>
72;1;(0,1);outputNeighborhood;<7,0,429>
72;1;(0,1);;<7,0,435>
72;2;(0,0);outputNeighborhood;<3,4,437>
72;2;(0,0);;<3,4,443>
72;3;(1,0);outputNeighborhood;<4,0,500>
72;3;(1,0);;<4,0,507>
72;4;(1,1);outputNeighborhood;<0,0,508>
72;4;(1,1);;<0,0,515>
73;1;(0,1);outputNeighborhood;<7,0,435>
73;1;(0,1);;<7,0,441>
73;2;(0,0);outputNeighborhood;<3,4,443>
73;2;(0,0);;<3,4,449>
73;3;(1,0);outputNeighborhood;<4,0,507>
73;3;(1,0);;<4,0,514>
73;4;(1,1);outputNeighborhood;<0,0,515>
73;4;(1,1);;<0,0,522>
74;1;(0,1);outputNeighborhood;<7,0,441>
74;1;(0,1);;<7,0,447>
74;2;(0,0);outputNeighborhood;<3,4,449>
74;2;(0,0);;<3,4,455>
74;3;(1,0);outputNeighborhood;<4,0,514>
74;3;(1,0);;<4,0,521>
74;4;(1,1);outputNeighborhood;<0,0,522>
74;4;(1,1);;<0,0,529>
75;1;(0,1);outputNeighborhood;<7,0,447>
75;1;(0,1);;<7,0,453>
75;2;(0,0);outputNeighborhood;<3,4,455>
75;2;(0,0);;<3,4,461>
75;3;(1,0);outputNeighborhood;<4,0,521>
75;3;(1,0);;<4,0,528>
75;4;(1,1);outputNeighborhood;<0,0,529>
75;4;(1,1);;<0,0,536>
76;1;(0,1);outputNeighborhood;<7,0,453>
76;1;(0,1);;<7,0,459>
76;2;(0,0);outputNeighborhood;<3,4,461>
76;2;(0,0);;<3,4,467>
76;3;(1,0);outputNeighborhood;<4,0,528>
76;3;(1,0);;<4,0,535>
76;4;(1,1);outputNeighborhood;<0,0,536>
76;4;(1,1);;<0,0,543>
77;1;(0,1);outputNeighborhood;<7,0,459>
77;1;(0,1);;<7,0,465>
77;2;(0,0);outputNeighborhood;<3,4,467>
77;2;(0,0);;<3,4,473>
77;3;(1,0);outputNeighborhood;<4,0,535>
77;3;(1,0);;<4,0,542>
77;4;(1,1);outputNeighborhood;<0,0,543>
77;4;(1,1);;<0,0,550>
78;1;(0,1);outputNeighborhood;<7,0,465>
78;1;(0,1);;<7,0,471>
78;2;(0,0);outputNeighborhood;<3,4,473>
78;2;(0,0);;<3,4,479>
78;3;(1,0);outputNeighborhood;<4,0,542>
78;3;(1,0);;<4,0,549>
78;4;(1,1);outputNeighborhood;<0,0,550>
78;4;(1,1);;<0,0,557>
79;1;(0,1);outputNeighborhood;<7,0,471>
79;1;(0,1);;<7,0,477>
79;2;(0,0);outputNeighborhood;<3,4,479>
79;2;(0,0);;<3,4,485>
79;3;(1,0);outputNeighborhood;<4,0,549>
79;3;(1,0);;<4,0,556>
79;4;(1,1);outputNeighborhood;<0,0,557>
79;4;(1,1);;<0,0,564>
80;1;(0,1);outputNeighborhood;<7,0,477>
80;1;(0,1);;<7,0,483>
80;2;(0,0);outputNeighborhood;<3,4,485>
80;2;(0,0);;<3,4,491>
80;3;(1,0);outputNeighborhood;<4,0,556>
80;3;(1,0);;<4,0,563>
80;4;(1,1);outputNeighborhood;<0,0,564>
80;4;(1,1);;<0,0,571>
81;1;(0,1);outputNeighborhood;<7,0,483>
81;1;(0,1);;<7,0,489>
81;2;(0,0);outputNeighborhood;<3,4,491>
81;2;(0,0);;<3,4,497>
81;3;(1,0);outputNeighborhood;<4,0,563>
81;3;(1,0);;<4,0,570>
81;4;(1,1);outputNeighborhood;<0,0,571>
81;4;(1,1);;<0,0,578>
82;1;(0,1);outputNeighborhood;<7,0,489>
82;1;(0,1);;<7,0,495>
82;2;(0,0);outputNeighborhood;<3,4,497>
82;2;(0,0);;<3,4,503>
82;3;(1,0);outputNeighborhood;<4,0,570>
82;3;(1,0);;<4,0,577>
82;4;(1,1);outputNeighborhood;<0,0,578>
82;4;(1,1);;<0,0,585>
83;1;(0,1);outputNeighborhood;<7,0,495>
83;1;(0,1);;<7,0,501>
83;2;(0,0);outputNeighborhood;<3,4,503>
83;2;(0,0);;<3,4,509>
83;3;(1,0);outputNeighborhood;<4,0,577>
83;3;(1,0);;<4,0,584>
83;4;(1,1);outputNeighborhood;<0,0,585>
83;4;(1,1);;<0,0,592>
84;1;(0,1);outputNeighborhood;<7,0,501>
84;1;(0,1);;<7,0,507>
84;2;(0,0);outputNeighborhood;<3,4,509>
84;2;(0,0);;<3,4,515>
84;3;(1,0);outputNeighborhood;<4,0,584>
84;3;(1,0);;<4,0,591>
84;4;(1,1);outputNeighborhood;<0,0,592>
84;4;(1,1);;<0,0,599>
85;1;(0,1);outputNeighborhood;<7,0,507>
85;1;(0,1);;<7,0,513>
85;2;(0,0);outputNeighborhood;<3,4,515>
85;2;(0,0);;<3,4,521>
85;3;(1,0);outputNeighborhood;<4,0,591>
85;3;(1,0);;<4,0,598>
85;4;(1,1);outputNeighborhood;<0,0,599>
85;4;(1,1);;<0,0,606>
86;1;(0,1);outputNeighborhood;<7,0,513>
86;1;(0,1);;<7,0,519>
86;2;(0,0);outputNeighborhood;<3,4,521>
86;2;(0,0);;<3,4,527>
86;3;(1,0);outputNeighborhood;<4,0,598>
86;3;(1,0);;<4,0,605>
86;4;(1,1);outputNeighborhood;<0,0,606>
86;4;(1,1);;<0,0,613>
87;1;(0,1);outputNeighborhood;<7,0,519>
87;1;(0,1);;<7,0,525>
87;2;(0,0);outputNeighborhood;<3,4,527>
87;2;(0,0);;<3,4,533>
87;3;(1,0);outputNeighborhood;<4,0,605>
87;3;(1,0);;<4,0,612>
87;4;(1,1);outputNeighborhood;<0,0,613>
87;4;(1,1);;<0,0,620>
88;1;(0,1);outputNeighborhood;<7,0,525>
88;1;(0,1);;<7,0,531>
88;2;(0,0);outputNeighborhood;<3,4,533>
88;2;(0,0);;<3,4,539>
88;3;(1,0);outputNeighborhood;<4,0,612>
88;3;(1,0);;<4,0,619>
88;4;(1,1);outputNeighborhood;<0,0,620>
88;4;(1,1);;<0,0,627>
89;1;(0,1);outputNeighborhood;<7,0,531>
89;1;(0,1);;<7,0,537>
89;2;(0,0);outputNeighborhood;<3,4,539>
89;2;(0,0);;<3,4,545>
89;3;(1,0);outputNeighborhood;<4,0,619>
89;3;(1,0);;<4,0,626>
89;4;(1,1);outputNeighborhood;<0,0,627>
89;4;(1,1);;<0,0,634>
90;1;(0,1);outputNeighborhood;<7,0,537>
90;1;(0,1);;<7,0,543>
90;2;(0,0);outputNeighborhood;<3,4,545>
90;2;(0,0);;<3,4,551>
90;3;(1,0);outputNeighborhood;<4,0,626>
90;3;(1,0);;<4,0,633>
90;4;(1,1);outputNeighborhood;<0,0,634>
90;4;(1,1);;<0,0,641>
91;1;(0,1);outputNeighborhood;<7,0,543>
91;1;(0,1);;<7,0,549>
91;2;(0,0);outputNeighborhood;<3,4,551>
91;2;(0,0);;<3,4,557>
91;3;(1,0);outputNeighborhood;<4,0,633>
91;3;(1,0);;<4,0,640>
91;4;(1,1);outputNeighborhood;<0,0,641>
91;4;(1,1);;<0,0,648>
92;1;(0,1);outputNeighborhood;<7,0,549>
92;1;(0,1);;<7,0,555>
92;2;(0,0);outputNeighborhood;<3,4,557>
92;2;(0,0);;<3,4,563>
92;3;(1,0);outputNeighborhood;<4,0,640>
92;3;(1,0);;<4,0,647>
92;4;(1,1);outputNeighborhood;<0,0,648>
92;4;(1,1);;<0,0,655>
93;1;(0,1);outputNeighborhood;<7,0,555>
93;1;(0,1);;<7,0,561>
93;2;(0,0);outputNeighborhood;<3,4,563>
93;2;(0,0);;<3,4,569>
93;3;(1,0);outputNeighborhood;<4,0,647>
93;3;(1,0);;<4,0,654>
93;4;(1,1);outputNeighborhood;<0,0,655>
93;4;(1,1);;<0,0,662>
94;1;(0,1);outputNeighborhood;<7,0,561>
94;1;(0,1);;<7,0,567>
94;2;(0,0);outputNeighborhood;<3,4,569>
94;2;(0,0);;<3,4,575>
94;3;(1,0);outputNeighborhood;<4,0,654>
94;3;(1,0);;<4,0,661>
94;4;(1,1);outputNeighborhood;<0,0,662>
94;4;(1,1);;<0,0,669>
95;1;(0,1);outputNeighborhood;<7,0,567>
95;1;(0,1);;<7,0,573>
95;2;(0,0);outputNeighborhood;<3,4,575>
95;2;(0,0);;<3,4,581>
95;3;(1,0);outputNeighborhood;<4,0,661>
95;3;(1,0);;<4,0,668>
95;4;(1,1);outputNeighborhood;<0,0,669>
95;4;(1,1);;<0,0,676>
96;1;(0,1);outputNeighborhood;<7,0,573>
96;1;(0,1);;<7,0,579>
96;2;(0,0);outputNeighborhood;<3,4,581>
96;2;(0,0);;<3,4,587>
96;3;(1,0);outputNeighborhood;<4,0,668>
96;3;(1,0);;<4,0,675>
96;4;(1,1);outputNeighborhood;<0,0,676>
96;4;(1,1);;<0,0,683>
97;1;(0,1);outputNeighborhood;<7,0,579>
97;1;(0,1);;<7,0,585>
97;2;(0,0);outputNeighborhood;<3,4,587>
97;2;(0,0);;<3,4,593>
97;3;(1,0);outputNeighborhood;<4,0,675>
97;3;(1,0);;<4,0,682>
97;4;(1,1);outputNeighborhood;<0,0,683>
97;4;(1,1);;<0,0,690>
98;1;(0,1);outputNeighborhood;<7,0,585>
98;1;(0,1);;<7,0,591>
98;2;(0,0);outputNeighborhood;<3,4,593>
98;2;(0,0);;<3,4,599>
98;3;(1,0);outputNeighborhood;<4,0,682>
98;3;(1,0);;<4,0,689>
98;4;(1,1);outputNeighborhood;<0,0,690>
98;4;(1,1);;<0,0,697>
99;1;(0,1);outputNeighborhood;<7,0,591>
99;1;(0,1);;<7,0,597>
99;2;(0,0);outputNeighborhood;<3,4,599>
99;2;(0,0);;<3,4,605>
99;3;(1,0);outputNeighborhood;<4,0,689>
99;3;(1,0);;<4,0,696>
99;4;(1,1);outputNeighborhood;<0,0,697>
99;4;(1,1);;<0,0,704>
100;1;(0,1);outputNeighborhood;<7,0,597>
100;1;(0,1);;<7,0,603>
100;2;(0,0);outputNeighborhood;<3,4,605>
100;2;(0,0);;<3,4,611>
100;3;(1,0);outputNeighborhood;<4,0,696>
100;3;(1,0);;<4,0,703>
100;4;(1,1);outputNeighborhood;<0,0,704>
100;4;(1,1);;<0,0,711>
101;1;(0,1);outputNeighborhood;<7,0,603>
101;1;(0,1);;<7,0,609>
101;2;(0,0);outputNeighborhood;<3,4,611>
101;2;(0,0);;<3,4,617>
101;3;(1,0);outputNeighborhood;<4,0,703>
101;3;(1,0);;<4,0,710>
101;4;(1,1);outputNeighborhood;<0,0,711>
101;4;(1,1);;<0,0,718>
102;1;(0,1);outputNeighborhood;<7,0,609>
102;1;(0,1);;<7,0,615>
102;2;(0,0);outputNeighborhood;<3,4,617>
102;2;(0,0);;<3,4,623>
102;3;(1,0);outputNeighborhood;<4,0,710>
102;3;(1,0);;<4,0,717>
102;4;(1,1);outputNeighborhood;<0,0,718>
102;4;(1,1);;<0,0,725>
103;1;(0,1);outputNeighborhood;<7,0,615>
103;1;(0,1);;<7,0,621>
103;2;(0,0);outputNeighborhood;<3,4,623>
103;2;(0,0);;<3,4,629>
103;3;(1,0);outputNeighborhood;<4,0,717>
103;3;(1,0);;<4,0,724>
103;4;(1,1);outputNeighborhood;<0,0,725>
103;4;(1,1);;<0,0,732>
104;1;(0,1);outputNeighborhood;<7,0,621>
104;1;(0,1);;<7,0,627>
104;2;(0,0);outputNeighborhood;<3,4,629>
104;2;(0,0);;<3,4,635>
104;3;(1,0);outputNeighborhood;<4,0,724>
104;3;(1,0);;<4,0,731>
104;4;(1,1);outputNeighborhood;<0,0,732>
104;4;(1,1);;<0,0,739>
105;1;(0,1);outputNeighborhood;<7,0,627>
105;1;(0,1);;<7,0,633>
105;2;(0,0);outputNeighborhood;<3,4,635>
105;2;(0,0);;<3,4,641>
105;3;(1,0);outputNeighborhood;<4,0,731>
105;3;(1,0);;<4,0,738>
105;4;(1,1);outputNeighborhood;<0,0,739>
105;4;(1,1);;<0,0,746>
106;1;(0,1);outputNeighborhood;<7,0,633>
106;1;(0,1);;<7,0,639>
106;2;(0,0);outputNeighborhood;<3,4,641>
106;2;(0,0);;<3,4,647>
106;3;(1,0);outputNeighborhood;<4,0,738>
106;3;(1,0);;<4,0,745>
106;4;(1,1);outputNeighborhood;<0,0,746>
106;4;(1,1);;<0,0,753>
107;1;(0,1);outputNeighborhood;<7,0,639>
107;1;(0,1);;<7,0,645>
107;2;(0,0);outputNeighborhood;<3,4,647>
107;2;(0,0);;<3,4,653>
107;3;(1,0);outputNeighborhood;<4,0,745>
107;3;(1,0);;<4,0,752>
107;4;(1,1);outputNeighborhood;<0,0,753>
107;4;(1,1);;<0,0,760>
108;1;(0,1);outputNeighborhood;<7,0,645>
108;1;(0,1);;<7,0,651>
108;2;(0,0);outputNeighborhood;<3,4,653>
108;2;(0,0);;<3,4,659>
108;3;(1,0);outputNeighborhood;<4,0,752>
108;3;(1,0);;<4,0,759>
108;4;(1,1);outputNeighborhood;<0,0,760>
108;4;(1,1);;<0,0,767>
109;1;(0,1);outputNeighborhood;<7,0,651>
109;1;(0,1);;<7,0,657>
109;2;(0,0);outputNeighborhood;<3,4,659>
109;2;(0,0);;<3,4,665>
109;3;(1,0);outputNeighborhood;<4,0,759>
109;3;(1,0);;<4,0,766>
109;4;(1,1);outputNeighborhood;<0,0,767>
109;4;(1,1);;<0,0,774>
110;1;(0,1);outputNeighborhood;<7,0,657>
110;1;(0,1);;<7,0,663>
110;2;(0,0);outputNeighborhood;<3,4,665>
110;2;(0,0);;<3,4,671>
110;3;(1,0);outputNeighborhood;<4,0,766>
110;3;(1,0);;<4,0,773>
110;4;(1,1);outputNeighborhood;<0,0,774>
110;4;(1,1);;<0,0,781>
111;1;(0,1);outputNeighborhood;<7,0,663>
111;1;(0,1);;<7,0,669>
111;2;(0,0);outputNeighborhood;<3,4,671>
111;2;(0,0);;<3,4,677>
111;3;(1,0);outputNeighborhood;<4,0,773>
111;3;(1,0);;<4,0,780>
111;4;(1,1);outputNeighborhood;<0,0,781>
111;4;(1,1);;<0,0,788>
112;1;(0,1);outputNeighborhood;<7,0,669>
112;1;(0,1);;<7,0,675>
112;2;(0,0);outputNeighborhood;<3,4,677>
112;2;(0,0);;<3,4,683>
112;3;(1,0);outputNeighborhood;<4,0,780>
112;3;(1,0);;<4,0,787>
112;4;(1,1);outputNeighborhood;<0,0,788>
112;4;(1,1);;<0,0,795>
113;1;(0,1);outputNeighborhood;<7,0,675>
113;1;(0,1);;<7,0,681>
113;2;(0,0);outputNeighborhood;<3,4,683>
113;2;(0,0);;<3,4,689>
113;3;(1,0);outputNeighborhood;<4,0,787>
113;3;(1,0);;<4,0,794>
113;4;(1,1);outputNeighborhood;<0,0,795>
113;4;(1,1);;<0,0,802>
114;1;(0,1);outputNeighborhood;<7,0,681>
114;1;(0,1);;<7,0,687>
114;2;(0,0);outputNeighborhood;<3,4,689>
114;2;(0,0);;<3,4,695>
114;3;(1,0);outputNeighborhood;<4,0,794>
114;3;(1,0);;<4,0,801>
114;4;(1,1);outputNeighborhood;<0,0,802>
114;4;(1,1);;<0,0,809>
115;1;(0,1);outputNeighborhood;<7,0,687>
115;1;(0,1);;<7,0,693>
115;2;(0,0);outputNeighborhood;<3,4,695>
115;2;(0,0);;<3,4,701>
115;3;(1,0);outputNeighborhood;<4,0,801>
115;3;(1,0);;<4,0,808>
115;4;(1,1);outputNeighborhood;<0,0,809>
115;4;(1,1);;<0,0,816>
116;1;(0,1);outputNeighborhood;<7,0,693>
116;1;(0,1);;<7,0,699>
116;2;(0,0);outputNeighborhood;<3,4,701>
116;2;(0,0);;<3,4,707>
116;3;(1,0);outputNeighborhood;<4,0,808>
116;3;(1,0);;<4,0,815>
116;4;(1,1);outputNeighborhood;<0,0,816>
116;4;(1,1);;<0,0,823>
117;1;(0,1);outputNeighborhood;<7,0,699>
117;1;(0,1);;<7,0,705>
117;2;(0,0);outputNeighborhood;<3,4,707>
117;2;(0,0);;<3,4,713>
117;3;(1,0);outputNeighborhood;<4,0,815>
117;3;(1,0);;<4,0,822>
117;4;(1,1);outputNeighborhood;<0,0,823>
117;4;(1,1);;<0,0,830>
118;1;(0,1);outputNeighborhood;<7,0,705>
118;1;(0,1);;<7,0,711>
118;2;(0,0);outputNeighborhood;<3,4,713>
118;2;(0,0);;<3,4,719>
118;3;(1,0);outputNeighborhood;<4,0,822>
118;3;(1,0);;<4,0,829>
118;4;(1,1);outputNeighborhood;<0,0,830>
118;4;(1,1);;<0,0,837>
119;1;(0,1);outputNeighborhood;<7,0,711>
119;1;(0,1);;<7,0,717>
119;2;(0,0);outputNeighborhood;<3,4,719>
119;2;(0,0);;<3,4,725>
119;3;(1,0);outputNeighborhood;<4,0,829>
119;3;(1,0);;<4,0,836>
119;4;(1,1);outputNeighborhood;<0,0,837>
119;4;(1,1);;<0,0,844>
120;1;(0,1);outputNeighborhood;<7,0,717>
120;1;(0,1);;<7,0,723>
120;2;(0,0);outputNeighborhood;<3,4,725>
120;2;(0,0);;<3,4,731>
120;3;(1,0);outputNeighborhood;<4,0,836>
120;3;(1,0);;<4,0,843>
120;4;(1,1);outputNeighborhood;<0,0,844>
120;4;(1,1);;<0,0,851>
121;1;(0,1);outputNeighborhood;<7,0,723>
121;1;(0,1);;<7,0,729>
121;2;(0,0);outputNeighborhood;<3,4,731>
121;2;(0,0);;<3,4,737>
121;3;(1,0);outputNeighborhood;<4,0,843>
121;3;(1,0);;<4,0,850>
121;4;(1,1);outputNeighborhood;<0,0,851>
121;4;(1,1);;<0,0,858>
122;1;(0,1);outputNeighborhood;<7,0,729>
122;1;(0,1);;<7,0,735>
122;2;(0,0);outputNeighborhood;<3,4,737>
122;2;(0,0);;<3,4,743>
122;3;(1,0);outputNeighborhood;<4,0,850>
122;3;(1,0);;<4,0,857>
122;4;(1,1);outputNeighborhood;<0,0,858>
122;4;(1,1);;<0,0,865>
123;1;(0,1);outputNeighborhood;<7,0,735>
123;1;(0,1);;<7,0,741>
123;2;(0,0);outputNeighborhood;<3,4,743>
123;2;(0,0);;<3,4,749>
123;3;(1,0);outputNeighborhood;<4,0,857>
123;3;(1,0);;<4,0,864>
123;4;(1,1);outputNeighborhood;<0,0,865>
123;4;(1,1);;<0,0,872>
124;1;(0,1);outputNeighborhood;<7,0,741>
124;1;(0,1);;<7,0,747>
124;2;(0,0);outputNeighborhood;<3,4,749>
124;2;(0,0);;<3,4,755>
124;3;(1,0);outputNeighborhood;<4,0,864>
124;3;(1,0);;<4,0,871>
124;4;(1,1);outputNeighborhood;<0,0,872>
124;4;(1,1);;<0,0,879>
125;1;(0,1);outputNeighborhood;<7,0,747>
125;1;(0,1);;<7,0,753>
125;2;(0,0);outputNeighborhood;<3,4,755>
125;2;(0,0);;<3,4,761>
125;3;(1,0);outputNeighborhood;<4,0,871>
125;3;(1,0);;<4,0,878>
125;4;(1,1);outputNeighborhood;<0,0,879>
125;4;(1,1);;<0,0,886>
126;1;(0,1);outputNeighborhood;<7,0,753>
126;1;(0,1);;<7,0,759>
126;2;(0,0);outputNeighborhood;<3,4,761>
126;2;(0,0);;<3,4,767>
126;3;(1,0);outputNeighborhood;<4,0,878>
126;3;(1,0);;<4,0,885>
126;4;(1,1);outputNeighborhood;<0,0,886>
126;4;(1,1);;<0,0,893>
127;1;(0,1);outputNeighborhood;<7,0,759>
127;1;(0,1);;<7,0,765>
127;2;(0,0);outputNeighborhood;<3,4,767>
127;2;(0,0);;<3,4,773>
127;3;(1,0);outputNeighborhood;<4,0,885>
127;3;(1,0);;<4,0,892>
127;4;(1,1);outputNeighborhood;<0,0,893>
127;4;(1,1);;<0,0,900>
128;1;(0,1);outputNeighborhood;<7,0,765>
128;1;(0,1);;<7,0,771>
128;2;(0,0);outputNeighborhood;<3,4,773>
128;2;(0,0);;<3,4,779>
128;3;(1,0);outputNeighborhood;<4,0,892>
128;3;(1,0);;<4,0,899>
128;4;(1,1);outputNeighborhood;<0,0,900>
128;4;(1,1);;<0,0,907>
129;1;(0,1);outputNeighborhood;<7,0,771>
129;1;(0,1);;<7,0,777>
129;2;(0,0);outputNeighborhood;<3,4,779>
129;2;(0,0);;<3,4,785>
129;3;(1,0);outputNeighborhood;<4,0,899>
129;3;(1,0);;<4,0,906>
129;4;(1,1);outputNeighborhood;<0,0,907>
129;4;(1,1);;<0,0,914>
130;1;(0,1);outputNeighborhood;<7,0,777>
130;1;(0,1);;<7,0,783>
130;2;(0,0);outputNeighborhood;<3,4,785>
130;2;(0,0);;<3,4,791>
130;3;(1,0);outputNeighborhood;<4,0,906>
130;3;(1,0);;<4,0,913>
130;4;(1,1);outputNeighborhood;<0,0,914>
130;4;(1,1);;<0,0,921>
131;1;(0,1);outputNeighborhood;<7,0,783>
131;1;(0,1);;<7,0,789>
131;2;(0,0);outputNeighborhood;<3,4,791>
131;2;(0,0);;<3,4,797>
131;3;(1,0);outputNeighborhood;<4,0,913>
131;3;(1,0);;<4,0,920>
131;4;(1,1);outputNeighborhood;<0,0,921>
131;4;(1,1);;<0,0,928>
132;1;(0,1);outputNeighborhood;<7,0,789>
132;1;(0,1);;<7,0,795>
132;2;(0,0);outputNeighborhood;<3,4,797>
132;2;(0,0);;<3,4,803>
132;3;(1,0);outputNeighborhood;<4,0,920>
132;3;(1,0);;<4,0,927>
132;4;(1,1);outputNeighborhood;<0,0,928>
132;4;(1,1);;<0,0,935>
133;1;(0,1);outputNeighborhood;<7,0,795>
133;1;(0,1);;<7,0,801>
133;2;(0,0);outputNeighborhood;<3,4,803>
133;2;(0,0);;<3,4,809>
133;3;(1,0);outputNeighborhood;<4,0,927>
133;3;(1,0);;<4,0,934>
133;4;(1,1);outputNeighborhood;<0,0,935>
133;4;(1,1);;<0,0,942>
134;1;(0,1);outputNeighborhood;<7,0,801>
134;1;(0,1);;<7,0,807>
134;2;(0,0);outputNeighborhood;<3,4,809>
134;2;(0,0);;<3,4,815>
134;3;(1,0);outputNeighborhood;<4,0,934>
134;3;(1,0);;<4,0,941>
134;4;(1,1);outputNeighborhood;<0,0,942>
134;4;(1,1);;<0,0,949>
135;1;(0,1);outputNeighborhood;<7,0,807>
135;1;(0,1);;<7,0,813>
135;2;(0,0);outputNeighborhood;<3,4,815>
135;2;(0,0);;<3,4,821>
135;3;(1,0);outputNeighborhood;<4,0,941>
135;3;(1,0);;<4,0,948>
135;4;(1,1);outputNeighborhood;<0,0,949>
135;4;(1,1);;<0,0,956>
136;1;(0,1);outputNeighborhood;<7,0,813>
136;1;(0,1);;<7,0,819>
136;2;(0,0);outputNeighborhood;<3,4,821>
136;2;(0,0);;<3,4,827>
136;3;(1,0);outputNeighborhood;<4,0,948>
136;3;(1,0);;<4,0,955>
136;4;(1,1);outputNeighborhood;<0,0,956>
136;4;(1,1);;<0,0,963>
137;1;(0,1);outputNeighborhood;<7,0,819>
137;1;(0,1);;<7,0,825>
137;2;(0,0);outputNeighborhood;<3,4,827>
137;2;(0,0);;<3,4,833>
137;3;(1,0);outputNeighborhood;<4,0,955>
137;3;(1,0);;<4,0,962>
137;4;(1,1);outputNeighborhood;<0,0,963>
137;4;(1,1);;<0,0,970>
138;1;(0,1);outputNeighborhood;<7,0,825>
138;1;(0,1);;<7,0,831>
138;2;(0,0);outputNeighborhood;<3,4,833>
138;2;(0,0);;<3,4,839>
138;3;(1,0);outputNeighborhood;<4,0,962>
138;3;(1,0);;<4,0,969>
138;4;(1,1);outputNeighborhood;<0,0,970>
138;4;(1,1);;<0,0,977>
139;1;(0,1);outputNeighborhood;<7,0,831>
139;1;(0,1);;<7,0,837>
139;2;(0,0);outputNeighborhood;<3,4,839>
139;2;(0,0);;<3,4,845>
139;3;(1,0);outputNeighborhood;<4,0,969>
139;3;(1,0);;<4,0,976>
139;4;(1,1);outputNeighborhood;<0,0,977>
139;4;(1,1);;<0,0,984>
140;1;(0,1);outputNeighborhood;<7,0,837>
140;1;(0,1);;<7,0,843>
140;2;(0,0);outputNeighborhood;<3,4,845>
140;2;(0,0);;<3,4,851>
140;3;(1,0);outputNeighborhood;<4,0,976>
140;3;(1,0);;<4,0,983>
140;4;(1,1);outputNeighborhood;<0,0,984>
140;4;(1,1);;<0,0,991>
141;1;(0,1);outputNeighborhood;<7,0,843>
141;1;(0,1);;<7,0,849>
141;2;(0,0);outputNeighborhood;<3,4,851>
141;2;(0,0);;<3,4,857>
141;3;(1,0);outputNeighborhood;<4,0,983>
141;3;(1,0);;<4,0,990>
141;4;(1,1);outputNeighborhood;<0,0,991>
141;4;(1,1);;<0,0,998>
142;1;(0,1);outputNeighborhood;<7,0,849>
142;1;(0,1);;<7,0,855>
142;2;(0,0);outputNeighborhood;<3,4,857>
142;2;(0,0);;<3,4,863>
142;3;(1,0);outputNeighborhood;<4,0,990>
142;3;(1,0);;<4,0,997>
142;4;(1,1);outputNeighborhood;<0,0,998>
142;4;(1,1);;<0,0,1005>
143;1;(0,1);outputNeighborhood;<7,0,855>
143;1;(0,1);;<7,0,861>
143;2;(0,0);outputNeighborhood;<3,4,863>
143;2;(0,0);;<3,4,869>
143;3;(1,0);outputNeighborhood;<4,0,997>
143;3;(1,0);;<4,0,1004>
143;4;(1,1);outputNeighborhood;<0,0,1005>
143;4;(1,1);;<0,0,1012>
144;1;(0,1);outputNeighborhood;<7,0,861>
144;1;(0,1);;<7,0,867>
144;2;(0,0);outputNeighborhood;<3,4,869>
144;2;(0,0);;<3,4,875>
144;3;(1,0);outputNeighborhood;<4,0,1004>
144;3;(1,0);;<4,0,1011>
144;4;(1,1);outputNeighborhood;<0,0,1012>
144;4;(1,1);;<0,0,1019>
145;1;(0,1);outputNeighborhood;<7,0,867>
145;1;(0,1);;<7,0,873>
145;2;(0,0);outputNeighborhood;<3,4,875>
145;2;(0,0);;<3,4,881>
145;3;(1,0);outputNeighborhood;<4,0,1011>
145;3;(1,0);;<4,0,1018>
145;4;(1,1);outputNeighborhood;<0,0,1019>
145;4;(1,1);;<0,0,1026>
146;1;(0,1);outputNeighborhood;<7,0,873>
146;1;(0,1);;<7,0,879>
146;2;(0,0);outputNeighborhood;<3,4,881>
146;2;(0,0);;<3,4,887>
146;3;(1,0);outputNeighborhood;<4,0,1018>
146;3;(1,0);;<4,0,1025>
146;4;(1,1);outputNeighborhood;<0,0,1026>
146;4;(1,1);;<0,0,1033>
147;1;(0,1);outputNeighborhood;<7,0,879>
147;1;(0,1);;<7,0,885>
147;2;(0,0);outputNeighborhood;<3,4,887>
147;2;(0,0);;<3,4,893>
147;3;(1,0);outputNeighborhood;<4,0,1025>
147;3;(1,0);;<4,0,1032>
147;4;(1,1);outputNeighborhood;<0,0,1033>
147;4;(1,1);;<0,0,1040>
148;1;(0,1);outputNeighborhood;<7,0,885>
148;1;(0,1);;<7,0,891>
148;2;(0,0);outputNeighborhood;<3,4,893>
148;2;(0,0);;<3,4,899>
148;3;(1,0);outputNeighborhood;<4,0,1032>
148;3;(1,0);;<4,0,1039>
148;4;(1,1);outputNeighborhood;<0,0,1040>
148;4;(1,1);;<0,0,1047>
149;1;(0,1);outputNeighborhood;<7,0,891>
149;1;(0,1);;<7,0,897>
149;2;(0,0);outputNeighborhood;<3,4,899>
149;2;(0,0);;<3,4,905>
149;3;(1,0);outputNeighborhood;<4,0,1039>
149;3;(1,0);;<4,0,1046>
149;4;(1,1);outputNeighborhood;<0,0,1047>
149;4;(1,1);;<0,0,1054>
150;1;(0,1);outputNeighborhood;<7,0,897>
150;1;(0,1);;<7,0,903>
150;2;(0,0);outputNeighborhood;<3,4,905>
150;2;(0,0);;<3,4,911>
150;3;(1,0);outputNeighborhood;<4,0,1046>
150;3;(1,0);;<4,0,1053>
150;4;(1,1);outputNeighborhood;<0,0,1054>
150;4;(1,1);;<0,0,1061>
151;1;(0,1);outputNeighborhood;<7,0,903>
151;1;(0,1);;<7,0,909>
151;2;(0,0);outputNeighborhood;<3,4,911>
151;2;(0,0);;<3,4,917>
151;3;(1,0);outputNeighborhood;<4,0,1053>
151;3;(1,0);;<4,0,1060>
151;4;(1,1);outputNeighborhood;<0,0,1061>
151;4;(1,1);;<0,0,1068>
152;1;(0,1);outputNeighborhood;<7,0,909>
152;1;(0,1);;<7,0,915>
152;2;(0,0);outputNeighborhood;<3,4,917>
152;2;(0,0);;<3,4,923>
152;3;(1,0);outputNeighborhood;<4,0,1060>
152;3;(1,0);;<4,0,1067>
152;4;(1,1);outputNeighborhood;<0,0,1068>
152;4;(1,1);;<0,0,1075>
153;1;(0,1);outputNeighborhood;<7,0,915>
153;1;(0,1);;<7,0,921>
153;2;(0,0);outputNeighborhood;<3,4,923>
153;2;(0,0);;<3,4,929>
153;3;(1,0);outputNeighborhood;<4,0,1067>
153;3;(1,0);;<4,0,1074>
153;4;(1,1);outputNeighborhood;<0,0,1075>
153;4;(1,1);;<0,0,1082>
154;1;(0,1);outputNeighborhood;<7,0,921>
154;1;(0,1);;<7,0,927>
154;2;(0,0);outputNeighborhood;<3,4,929>
154;2;(0,0);;<3,4,935>
154;3;(1,0);outputNeighborhood;<4,0,1074>
154;3;(1,0);;<4,0,1081>
154;4;(1,1);outputNeighborhood;<0,0,1082>
154;4;(1,1);;<0,0,1089>
155;1;(0,1);outputNeighborhood;<7,0,927>
155;1;(0,1);;<7,0,933>
155;2;(0,0);outputNeighborhood;<3,4,935>
155;2;(0,0);;<3,4,941>
155;3;(1,0);outputNeighborhood;<4,0,1081>
155;3;(1,0);;<4,0,1088>
155;4;(1,1);outputNeighborhood;<0,0,1089>
155;4;(1,1);;<0,0,1096>
156;1;(0,1);outputNeighborhood;<7,0,933>
156;1;(0,1);;<7,0,939>
156;2;(0,0);outputNeighborhood;<3,4,941>
156;2;(0,0);;<3,4,947>
156;3;(1,0);outputNeighborhood;<4,0,1088>
156;3;(1,0);;<4,0,1095>
156;4;(1,1);outputNeighborhood;<0,0,1096>
156;4;(1,1);;<0,0,1103>
157;1;(0,1);outputNeighborhood;<7,0,939>
157;1;(0,1);;<7,0,945>
157;2;(0,0);outputNeighborhood;<3,4,947>
157;2;(0,0);;<3,4,953>
157;3;(1,0);outputNeighborhood;<4,0,1095>
157;3;(1,0);;<4,0,1102>
157;4;(1,1);outputNeighborhood;<0,0,1103>
157;4;(1,1);;<0,0,1110>
158;1;(0,1);outputNeighborhood;<7,0,945>
158;1;(0,1);;<7,0,951>
158;2;(0,0);outputNeighborhood;<3,4,953>
158;2;(0,0);;<3,4,959>
158;3;(1,0);outputNeighborhood;<4,0,1102>
158;3;(1,0);;<4,0,1109>
158;4;(1,1);outputNeighborhood;<0,0,1110>
158;4;(1,1);;<0,0,1117>
159;1;(0,1);outputNeighborhood;<7,0,951>
159;1;(0,1);;<7,0,957>
159;2;(0,0);outputNeighborhood;<3,4,959>
159;2;(0,0);;<3,4,965>
159;3;(1,0);outputNeighborhood;<4,0,1109>
159;3;(1,0);;<4,0,1116>
159;4;(1,1);outputNeighborhood;<0,0,1117>
159;4;(1,1);;<0,0,1124>
160;1;(0,1);outputNeighborhood;<7,0,957>
160;1;(0,1);;<7,0,963>
160;2;(0,0);outputNeighborhood;<3,4,965>
160;2;(0,0);;<3,4,971>
160;3;(1,0);outputNeighborhood;<4,0,1116>
160;3;(1,0);;<4,0,1123>
160;4;(1,1);outputNeighborhood;<0,0,1124>
160;4;(1,1);;<0,0,1131>
161;1;(0,1);outputNeighborhood;<7,0,963>
161;1;(0,1);;<7,0,969>
161;2;(0,0);outputNeighborhood;<3,4,971>
161;2;(0,0);;<3,4,977>
161;3;(1,0);outputNeighborhood;<4,0,1123>
161;3;(1,0);;<4,0,1130>
161;4;(1,1);outputNeighborhood;<0,0,1131>
161;4;(1,1);;<0,0,1138>
162;1;(0,1);outputNeighborhood;<7,0,969>
162;1;(0,1);;<7,0,975>
162;2;(0,0);outputNeighborhood;<3,4,977>
162;2;(0,0);;<3,4,983>
162;3;(1,0);outputNeighborhood;<4,0,1130>
162;3;(1,0);;<4,0,1137>
162;4;(1,1);outputNeighborhood;<0,0,1138>
162;4;(1,1);;<0,0,1145>
163;1;(0,1);outputNeighborhood;<7,0,975>
163;1;(0,1);;<7,0,981>
163;2;(0,0);outputNeighborhood;<3,4,983>
163;2;(0,0);;<3,4,989>
163;3;(1,0);outputNeighborhood;<4,0,1137>
163;3;(1,0);;<4,0,1144>
163;4;(1,1);outputNeighborhood;<0,0,1145>
163;4;(1,1);;<0,0,1152>
164;1;(0,1);outputNeighborhood;<7,0,981>
164;1;(0,1);;<7,0,987>
164;2;(0,0);outputNeighborhood;<3,4,989>
164;2;(0,0);;<3,4,995>
164;3;(1,0);outputNeighborhood;<4,0,1144>
164;3;(1,0);;<4,0,1151>
164;4;(1,1);outputNeighborhood;<0,0,1152>
164;4;(1,1);;<0,0,1159>
165;1;(0,1);outputNeighborhood;<7,0,987>
165;1;(0,1);;<7,0,993>
165;2;(0,0);outputNeighborhood;<3,4,995>
165;2;(0,0);;<3,4,1001>
165;3;(1,0);outputNeighborhood;<4,0,1151>
165;3;(1,0);;<4,0,1158>
165;4;(1,1);outputNeighborhood;<0,0,1159>
165;4;(1,1);;<0,0,1166>
166;1;(0,1);outputNeighborhood;<7,0,993>
166;1;(0,1);;<7,0,999>
166;2;(0,0);outputNeighborhood;<3,4,1001>
166;2;(0,0);;<3,4,1007>
166;3;(1,0);outputNeighborhood;<4,0,1158>
166;3;(1,0);;<4,0,1165>
166;4;(1,1);outputNeighborhood;<0,0,1166>
166;4;(1,1);;<0,0,1173>
167;1;(0,1);outputNeighborhood;<7,0,999>
167;1;(0,1);;<7,0,1005>
167;2;(0,0);outputNeighborhood;<3,4,1007>
167;2;(0,0);;<3,4,1013>
167;3;(1,0);outputNeighborhood;<4,0,1165>
167;3;(1,0);;<4,0,1172>
167;4;(1,1);outputNeighborhood;<0,0,1173>
167;4;(1,1);;<0,0,1180>
168;1;(0,1);outputNeighborhood;<7,0,1005>
168;1;(0,1);;<7,0,1011>
168;2;(0,0);outputNeighborhood;<3,4,1013>
168;2;(0,0);;<3,4,1019>
168;3;(1,0);outputNeighborhood;<4,0,1172>
168;3;(1,0);;<4,0,1179>
168;4;(1,1);outputNeighborhood;<0,0,1180>
168;4;(1,1);;<0,0,1187>
169;1;(0,1);outputNeighborhood;<7,0,1011>
169;1;(0,1);;<7,0,1017>
169;2;(0,0);outputNeighborhood;<3,4,1019>
169;2;(0,0);;<3,4,1025>
169;3;(1,0);outputNeighborhood;<4,0,1179>
169;3;(1,0);;<4,0,1186>
169;4;(1,1);outputNeighborhood;<0,0,1187>
169;4;(1,1);;<0,0,1194>
170;1;(0,1);outputNeighborhood;<7,0,1017>
170;1;(0,1);;<7,0,1023>
170;2;(0,0);outputNeighborhood;<3,4,1025>
170;2;(0,0);;<3,4,1031>
170;3;(1,0);outputNeighborhood;<4,0,1186>
170;3;(1,0);;<4,0,1193>
170;4;(1,1);outputNeighborhood;<0,0,1194>
170;4;(1,1);;<0,0,1201>
171;1;(0,1);outputNeighborhood;<7,0,1023>
171;1;(0,1);;<7,0,1029>
171;2;(0,0);outputNeighborhood;<3,4,1031>
171;2;(0,0);;<3,4,1037>
171;3;(1,0);outputNeighborhood;<4,0,1193>
171;3;(1,0);;<4,0,1200>
171;4;(1,1);outputNeighborhood;<0,0,1201>
171;4;(1,1);;<0,0,1208>
172;1;(0,1);outputNeighborhood;<7,0,1029>
172;1;(0,1);;<7,0,1035>
172;2;(0,0);outputNeighborhood;<3,4,1037>
172;2;(0,0);;<3,4,1043>
172;3;(1,0);outputNeighborhood;<4,0,1200>
172;3;(1,0);;<4,0,1207>
172;4;(1,1);outputNeighborhood;<0,0,1208>
172;4;(1,1);;<0,0,1215>
173;1;(0,1);outputNeighborhood;<7,0,1035>
173;1;(0,1);;<7,0,1041>
173;2;(0,0);outputNeighborhood;<3,4,1043>
173;2;(0,0);;<3,4,1049>
173;3;(1,0);outputNeighborhood;<4,0,1207>
173;3;(1,0);;<4,0,1214>
173;4;(1,1);outputNeighborhood;<0,0,1215>
173;4;(1,1);;<0,0,1222>
174;1;(0,1);outputNeighborhood;<7,0,1041>
174;1;(0,1);;<7,0,1047>
174;2;(0,0);outputNeighborhood;<3,4,1049>
174;2;(0,0);;<3,4,1055>
174;3;(1,0);outputNeighborhood;<4,0,1214>
174;3;(1,0);;<4,0,1221>
174;4;(1,1);outputNeighborhood;<0,0,1222>
174;4;(1,1);;<0,0,1229>
175;1;(0,1);outputNeighborhood;<7,0,1047>
175;1;(0,1);;<7,0,1053>
175;2;(0,0);outputNeighborhood;<3,4,1055>
175;2;(0,0);;<3,4,1061>
175;3;(1,0);outputNeighborhood;<4,0,1221>
175;3;(1,0);;<4,0,1228>
175;4;(1,1);outputNeighborhood;<0,0,1229>
175;4;(1,1);;<0,0,1236>
176;1;(0,1);outputNeighborhood;<7,0,1053>
176;1;(0,1);;<7,0,1059>
176;2;(0,0);outputNeighborhood;<3,4,1061>
176;2;(0,0);;<3,4,1067>
176;3;(1,0);outputNeighborhood;<4,0,1228>
176;3;(1,0);;<4,0,1235>
176;4;(1,1);outputNeighborhood;<0,0,1236>
176;4;(1,1);;<0,0,1243>
177;1;(0,1);outputNeighborhood;<7,0,1059>
177;1;(0,1);;<7,0,1065>
177;2;(0,0);outputNeighborhood;<3,4,1067>
177;2;(0,0);;<3,4,1073>
177;3;(1,0);outputNeighborhood;<4,0,1235>
177;3;(1,0);;<4,0,1242>
177;4;(1,1);outputNeighborhood;<0,0,1243>
177;4;(1,1);;<0,0,1250>
178;1;(0,1);outputNeighborhood;<7,0,1065>
178;1;(0,1);;<7,0,1071>
178;2;(0,0);outputNeighborhood;<3,4,1073>
178;2;(0,0);;<3,4,1079>
178;3;(1,0);outputNeighborhood;<4,0,1242>
178;3;(1,0);;<4,0,1249>
178;4;(1,1);outputNeighborhood;<0,0,1250>
178;4;(1,1);;<0,0,1257>
179;1;(0,1);outputNeighborhood;<7,0,1071>
179;1;(0,1);;<7,0,1077>
179;2;(0,0);outputNeighborhood;<3,4,1079>
179;2;(0,0);;<3,4,1085>
179;3;(1,0);outputNeighborhood;<4,0,1249>
179;3;(1,0);;<4,0,1256>
179;4;(1,1);outputNeighborhood;<0,0,1257>
179;4;(1,1);;<0,0,1264>
180;1;(0,1);outputNeighborhood;<7,0,1077>
180;1;(0,1);;<7,0,1083>
180;2;(0,0);outputNeighborhood;<3,4,1085>
180;2;(0,0);;<3,4,1091>
180;3;(1,0);outputNeighborhood;<4,0,1256>
180;3;(1,0);;<4,0,1263>
180;4;(1,1);outputNeighborhood;<0,0,1264>
180;4;(1,1);;<0,0,1271>
181;1;(0,1);outputNeighborhood;<7,0,1083>
181;1;(0,1);;<7,0,1089>
181;2;(0,0);outputNeighborhood;<3,4,1091>
181;2;(0,0);;<3,4,1097>
181;3;(1,0);outputNeighborhood;<4,0,1263>
181;3;(1,0);;<4,0,1270>
181;4;(1,1);outputNeighborhood;<0,0,1271>
181;4;(1,1);;<0,0,1278>
182;1;(0,1);outputNeighborhood;<7,0,1089>
182;1;(0,1);;<7,0,1095>
182;2;(0,0);outputNeighborhood;<3,4,1097>
182;2;(0,0);;<3,4,1103>
182;3;(1,0);outputNeighborhood;<4,0,1270>
182;3;(1,0);;<4,0,1277>
182;4;(1,1);outputNeighborhood;<0,0,1278>
182;4;(1,1);;<0,0,1285>
183;1;(0,1);outputNeighborhood;<7,0,1095>
183;1;(0,1);;<7,0,1101>
183;2;(0,0);outputNeighborhood;<3,4,1103>
183;2;(0,0);;<3,4,1109>
183;3;(1,0);outputNeighborhood;<4,0,1277>
183;3;(1,0);;<4,0,1284>
183;4;(1,1);outputNeighborhood;<0,0,1285>
183;4;(1,1);;<0,0,1292>
184;1;(0,1);outputNeighborhood;<7,0,1101>
184;1;(0,1);;<7,0,1107>
184;2;(0,0);outputNeighborhood;<3,4,1109>
184;2;(0,0);;<3,4,1115>
184;3;(1,0);outputNeighborhood;<4,0,1284>
184;3;(1,0);;<4,0,1291>
184;4;(1,1);outputNeighborhood;<0,0,1292>
184;4;(1,1);;<0,0,1299>
185;1;(0,1);outputNeighborhood;<7,0,1107>
185;1;(0,1);;<7,0,1113>
185;2;(0,0);outputNeighborhood;<3,4,1115>
185;2;(0,0);;<3,4,1121>
185;3;(1,0);outputNeighborhood;<4,0,1291>
185;3;(1,0);;<4,0,1298>
185;4;(1,1);outputNeighborhood;<0,0,1299>
185;4;(1,1);;<0,0,1306>
186;1;(0,1);outputNeighborhood;<7,0,1113>
186;1;(0,1);;<7,0,1119>
186;2;(0,0);outputNeighborhood;<3,4,1121>
186;2;(0,0);;<3,4,1127>
186;3;(1,0);outputNeighborhood;<4,0,1298>
186;3;(1,0);;<4,0,1305>
186;4;(1,1);outputNeighborhood;<0,0,1306>
186;4;(1,1);;<0,0,1313>
187;1;(0,1);outputNeighborhood;<7,0,1119>
187;1;(0,1);;<7,0,1125>
187;2;(0,0);outputNeighborhood;<3,4,1127>
187;2;(0,0);;<3,4,1133>
187;3;(1,0);outputNeighborhood;<4,0,1305>
187;3;(1,0);;<4,0,1312>
187;4;(1,1);outputNeighborhood;<0,0,1313>
187;4;(1,1);;<0,0,1320>
188;1;(0,1);outputNeighborhood;<7,0,1125>
188;1;(0,1);;<7,0,1131>
188;2;(0,0);outputNeighborhood;<3,4,1133>
188;2;(0,0);;<3,4,1139>
188;3;(1,0);outputNeighborhood;<4,0,1312>
188;3;(1,0);;<4,0,1319>
188;4;(1,1);outputNeighborhood;<0,0,1320>
188;4;(1,1);;<0,0,1327>
189;1;(0,1);outputNeighborhood;<7,0,1131>
189;1;(0,1);;<7,0,1137>
189;2;(0,0);outputNeighborhood;<3,4,1139>
189;2;(0,0);;<3,4,1145>
189;3;(1,0);outputNeighborhood;<4,0,1319>
189;3;(1,0);;<4,0,1326>
189;4;(1,1);outputNeighborhood;<0,0,1327>
189;4;(1,1);;<0,0,1334>
190;1;(0,1);outputNeighborhood;<7,0,1137>
190;1;(0,1);;<7,0,1143>
190;2;(0,0);outputNeighborhood;<3,4,1145>
190;2;(0,0);;<3,4,1151>
190;3;(1,0);outputNeighborhood;<4,0,1326>
190;3;(1,0);;<4,0,1333>
190;4;(1,1);outputNeighborhood;<0,0,1334>
190;4;(1,1);;<0,0,1341>
191;1;(0,1);outputNeighborhood;<7,0,1143>
191;1;(0,1);;<7,0,1149>
191;2;(0,0);outputNeighborhood;<3,4,1151>
191;2;(0,0);;<3,4,1157>
191;3;(1,0);outputNeighborhood;<4,0,1333>
191;3;(1,0);;<4,0,1340>
191;4;(1,1);outputNeighborhood;<0,0,1341>
191;4;(1,1);;<0,0,1348>
192;1;(0,1);outputNeighborhood;<7,0,1149>
192;1;(0,1);;<7,0,1155>
192;2;(0,0);outputNeighborhood;<3,4,1157>
192;2;(0,0);;<3,4,1163>
192;3;(1,0);outputNeighborhood;<4,0,1340>
192;3;(1,0);;<4,0,1347>
192;4;(1,1);outputNeighborhood;<0,0,1348>
192;4;(1,1);;<0,0,1355>
193;1;(0,1);outputNeighborhood;<7,0,1155>
193;1;(0,1);;<7,0,1161>
193;2;(0,0);outputNeighborhood;<3,4,1163>
193;2;(0,0);;<3,4,1169>
193;3;(1,0);outputNeighborhood;<4,0,1347>
193;3;(1,0);;<4,0,1354>
193;4;(1,1);outputNeighborhood;<0,0,1355>
193;4;(1,1);;<0,0,1362>
194;1;(0,1);outputNeighborhood;<7,0,1161>
194;1;(0,1);;<7,0,1167>
194;2;(0,0);outputNeighborhood;<3,4,1169>
194;2;(0,0);;<3,4,1175>
194;3;(1,0);outputNeighborhood;<4,0,1354>
194;3;(1,0);;<4,0,1361>
194;4;(1,1);outputNeighborhood;<0,0,1362>
194;4;(1,1);;<0,0,1369>
195;1;(0,1);outputNeighborhood;<7,0,1167>
195;1;(0,1);;<7,0,1173>
195;2;(0,0);outputNeighborhood;<3,4,1175>
195;2;(0,0);;<3,4,1181>
195;3;(1,0);outputNeighborhood;<4,0,1361>
195;3;(1,0);;<4,0,1368>
195;4;(1,1);outputNeighborhood;<0,0,1369>
195;4;(1,1);;<0,0,1376>
196;1;(0,1);outputNeighborhood;<7,0,1173>
196;1;(0,1);;<7,0,1179>
196;2;(0,0);outputNeighborhood;<3,4,1181>
196;2;(0,0);;<3,4,1187>
196;3;(1,0);outputNeighborhood;<4,0,1368>
196;3;(1,0);;<4,0,1375>
196;4;(1,1);outputNeighborhood;<0,0,1376>
196;4;(1,1);;<0,0,1383>
197;1;(0,1);outputNeighborhood;<7,0,1179>
197;1;(0,1);;<7,0,1185>
197;2;(0,0);outputNeighborhood;<3,4,1187>
197;2;(0,0);;<3,4,1193>
197;3;(1,0);outputNeighborhood;<4,0,1375>
197;3;(1,0);;<4,0,1382>
197;4;(1,1);outputNeighborhood;<0,0,1383>
197;4;(1,1);;<0,0,1390>
198;1;(0,1);outputNeighborhood;<7,0,1185>
198;1;(0,1);;<7,0,1191>
198;2;(0,0);outputNeighborhood;<3,4,1193>
198;2;(0,0);;<3,4,1199>
198;3;(1,0);outputNeighborhood;<4,0,1382>
198;3;(1,0);;<4,0,1389>
198;4;(1,1);outputNeighborhood;<0,0,1390>
198;4;(1,1);;<0,0,1397>
199;1;(0,1);outputNeighborhood;<7,0,1191>
199;1;(0,1);;<7,0,1197>
199;2;(0,0);outputNeighborhood;<3,4,1199>
199;2;(0,0);;<3,4,1205>
199;3;(1,0);outputNeighborhood;<4,0,1389>
199;3;(1,0);;<4,0,1396>
199;4;(1,1);outputNeighborhood;<0,0,1397>
199;4;(1,1);;<0,0,1404>
199;1;(0,1);;<7,0,1197>
199;2;(0,0);;<3,4,1205>
199;3;(1,0);;<4,0,1396>
199;4;(1,1);;<0,0,1404>
